{
    "name"              : "[COLORdeepskyblue]Kinokiste Tech[/COLOR]",
	"language"          : "de",
    "plugin"            : "plugin.video.xstream",
    "is_resolvable"     : "true",
    "play_movie"        : [
						"plugin://plugin.video.xstream/?function=showSearch&amp;params=0&amp;site=kinokiste_tech&amp;title=Suche&searchterm={title}",
						{"keyboard": "{title}"},
						{"title": "{title}"}
                          ],
	"play_episode"      : [
                       	"plugin://plugin.video.xstream/?function=showSearch&amp;params=0&amp;site=kinokiste_tech&amp;title=Suche&searchterm={showname}",
						{"keyboard": "{showname}"},
						{"title": "{showname}"},
						{"position": "{season}"},
						{"season": "{season}", "episode": "{episode}"}
                          ]
}